{
  "Publish medium file" : {
    "transaction" : "Publish medium file",
    "sampleCount" : 10436,
    "errorCount" : 0,
    "errorPct" : 0.0,
    "meanResTime" : 33.804139517056505,
    "minResTime" : 10.0,
    "maxResTime" : 459.0,
    "pct1ResTime" : 52.0,
    "pct2ResTime" : 64.0,
    "pct3ResTime" : 121.6299999999992,
    "throughput" : 34.85672869133626,
    "receivedKBytesPerSec" : 1.9402671244200844,
    "sentKBytesPerSec" : 35701.457540333155
  },
  "Publish large file" : {
    "transaction" : "Publish large file",
    "sampleCount" : 109,
    "errorCount" : 0,
    "errorPct" : 0.0,
    "meanResTime" : 1536.6605504587153,
    "minResTime" : 920.0,
    "maxResTime" : 2897.0,
    "pct1ResTime" : 2051.0,
    "pct2ResTime" : 2241.5,
    "pct3ResTime" : 2892.8,
    "throughput" : 0.3632631024668564,
    "receivedKBytesPerSec" : 0.020220700039659,
    "sentKBytesPerSec" : 23806.895116813874
  },
  "Total" : {
    "transaction" : "Total",
    "sampleCount" : 202867,
    "errorCount" : 0,
    "errorPct" : 0.0,
    "meanResTime" : 9.718485510210938,
    "minResTime" : 1.0,
    "maxResTime" : 2897.0,
    "pct1ResTime" : 16.0,
    "pct2ResTime" : 25.0,
    "pct3ResTime" : 48.0,
    "throughput" : 673.9453978884703,
    "receivedKBytesPerSec" : 37.51453874965118,
    "sentKBytesPerSec" : 60028.011843406784
  },
  "Publish small file" : {
    "transaction" : "Publish small file",
    "sampleCount" : 192322,
    "errorCount" : 0,
    "errorPct" : 0.0,
    "meanResTime" : 7.546115369016606,
    "minResTime" : 1.0,
    "maxResTime" : 1045.0,
    "pct1ResTime" : 13.0,
    "pct2ResTime" : 17.0,
    "pct3ResTime" : 27.0,
    "throughput" : 642.4739264930884,
    "receivedKBytesPerSec" : 35.76270879893167,
    "sentKBytesPerSec" : 791.436461042364
  }
}